{
  "study_name": "cg_als",
  "best_value": 362.4341236023839,
  "best_params": {
    "factors": 970,
    "iterations": 23,
    "regularization": 0.0001580457889424532,
    "alpha": 0.5097730246429841,
    "low_engagement_weight": 0.3909190180723426,
    "high_engagement_weight": 3.919856645475176
  },
  "n_trials": 16,
  "phase": "cg",
  "cg_name": "als",
  "n_max": 350
}
