{
  "study_name": "cg_als",
  "best_value": 330.4793109503454,
  "best_params": {
    "factors": 499,
    "iterations": 20,
    "regularization": 0.0012934363410893168,
    "alpha": 1.0175069608267868,
    "low_engagement_weight": 0.20902066748009435,
    "high_engagement_weight": 3.9400456441903304
  },
  "n_trials": 13,
  "phase": "cg",
  "cg_name": "als",
  "n_max": 350
}
